id,first_name,last_name
1,Ferne,Wingeat
2,Tabbi,Edgecumbe
3,Barry,Eykel
4,Ingrim,Halfhide
5,Wolfgang,Ivashintsov
6,Costanza,Bernhardt
7,Sallyann,Carnow
8,Ezmeralda,Wooton
9,Loutitia,Poyle
10,Ivette,Trahearn
11,Reynold,Hastin
12,Nerita,McFetrich
13,Reeba,Dockrill
14,Emilee,Ellison
15,Constance,Million
16,Fred,Stroder
17,Cirstoforo,Tampin
18,Pebrook,Stutter
19,Sidoney,Wyborn
20,Ebeneser,Ibbetson
21,Delilah,Willis
22,Gwenni,Grise
23,Merrie,Deex
24,Abbey,Jancy
25,Jodi,Oglevie
26,Caz,Ganforthe
27,Ammamaria,Fenn
28,Ignacius,Emlen
29,Gus,Dabner
30,Bel,Chinnick
31,Marguerite,Mulryan
32,Harrietta,Doole
33,Mandel,Painter
34,Piggy,McClinton
35,Earle,Ayto
36,Baxy,Odger
37,Dotti,Rammell
38,Ava,Minero
39,Welby,Shall
40,Rolf,Dishman
41,Vail,Kleinplac
42,Cleo,Novill
43,Dollie,Lethem
44,Cameron,Biner
45,Stesha,Agostini
46,Jammie,Hawler
47,Dix,Caldicot
48,Eugenio,McQuillen
49,Iain,Mallebone
50,Tobit,Teresse
51,Pattie,Jickles
52,Iseabal,Spiller
53,Angelia,Rens
54,Danell,Fonzone
55,Erhart,Hainsworth
56,Olwen,Huggan
57,Vanya,Youles
58,York,Cuerdale
59,Silvana,Aindrais
60,Dorri,Bryde
61,Elene,Benditt
62,Amitie,Olifard
63,Kristel,Keddy
64,Rosalinda,Milroy
65,Hally,Theunissen
66,Ilaire,Tidd
67,Cheslie,D'Alwis
68,Andreana,Hardwich
69,Pen,Chessun
70,Kaylee,Durham
71,Tandy,Furlong
72,Casandra,Jeschner
73,Willis,Knee
74,Jemimah,Lanchester
75,Britte,Locard
76,Jerry,Greave
77,Berti,Josephy
78,Derby,Works
79,Tomasina,De La Hay
80,Alon,Philbin
81,Ardine,Tebbett
82,Roger,Hazleton
83,Ferdinand,Thornley
84,Octavia,Ewenson
85,Stafford,Godden
86,Tiphanie,Layzell
87,Corabella,Elderton
88,Gregoire,Puffett
89,Adriane,Santacrole
90,Harmonia,McCurt
91,Spenser,Simmig
92,Glenna,Withams
93,Hayley,Eades
94,Miguelita,Siebart
95,Nani,Fabler
96,Kasper,Bewlie
97,Sharyl,Handrock
98,Teddie,Filipputti
99,Harvey,Pletts
100,Libbi,Clemenceau
101,Molly,Burnhard
102,Jannel,Markwell
103,Luise,Morteo
104,Bibi,Trood
105,Dinny,Mallaby
106,Jacquette,Painswick
107,Greg,Blunkett
108,Broddie,Reichert
109,Charmain,Dorsey
110,Jacob,Pallant
111,Ulick,Bignall
112,Rozella,Ebden
113,Marlo,Lochran
114,Christy,Menlow
115,Patty,Darwood
116,Nathanael,O'Sheeryne
117,Gottfried,Rubinovici
118,Brinn,Spatarul
119,Gerhard,Viles
120,Colline,Ridsdell
121,Eula,Swarbrick
122,Terri,McIver
123,Flin,Leggett
124,Lexis,Bartolomieu
125,Oriana,Peat
126,Clement,Keaveney
127,Julie,Ganny
128,Gustave,Lunn
129,Dave,Rodson
130,Jules,Look
131,Lorilyn,Cabrales
132,Giacobo,Abade
133,Isaiah,McNuff
134,Estel,Padson
135,Peri,Robard
136,Sax,Mulliss
137,Antonius,Motherwell
138,Christyna,Halbord
139,Rock,Stables
140,Viva,Lindenstrauss
141,Rhea,Hinstock
142,Davina,Carstairs
143,Felipe,Wagg
144,Liliane,Binney
145,Fedora,Grenshiels
146,Tilda,Doumer
147,Brook,Scrooby
148,Jayne,Lyster
149,Pearl,Camies
150,Myer,Kenyon
151,Maddie,Pottery
152,Lilli,Dufoure
153,Chaddie,Ygou
154,Jorrie,Scoggins
155,Pacorro,Clemmey
156,Verna,Guiso
157,Justen,D'Onise
158,Jorry,Killerby
159,La verne,Lampart
160,Sydel,Catterell
161,Hale,Stollen
162,Ki,Harm
163,Bordy,Gullefant
164,Stephi,Crippen
165,Blinni,Rosendahl
166,Augustine,Pestricke
167,Lucho,Deporte
168,Renell,Arrow
169,Tommie,Spelsbury
170,Kyrstin,Jupp
171,Kizzie,Tanguy
172,Anna-diana,Feechan
173,Lelia,Fernyhough
174,Jeniece,Peckham
175,Gannon,Cornall
176,Gerome,Balfour
177,Demetri,Beagen
178,Austin,Cornwell
179,Francis,Ciccottio
180,Flora,Radmer
181,Alane,Jacobsz
182,Ali,Wilby
183,Tilda,Trevena
184,Almeria,Whenman
185,Cal,McCaughan
186,Oralla,Freer
187,Penelope,Earey
188,Dominga,McArt
189,Ginnie,Durrand
190,Trev,Bignall
191,Darill,Pieper
192,Hortensia,Dulson
193,Joann,Longland
194,Cristi,Bermingham
195,Kyrstin,Sapseed
196,Weber,Bunford
197,Angelo,Hugk
198,Viviene,Borne
199,Hammad,Kempe
200,Seline,Arnaud
201,Marianne,Shefton
202,Mae,Pechard
203,Bryn,Joris
204,Ade,Louthe
205,Aile,Baurerich
206,Conrado,Salterne
207,Dehlia,Benford
208,Christophorus,Aartsen
209,Idalia,Opie
210,Krishnah,Criple
211,Faydra,Cuckson
212,Eb,Lefridge
213,Ave,Cartman
214,Jarvis,Brunnen
215,Flory,Higbin
216,Gabie,Hawkyens
217,Anselma,Roskeilly
218,Basile,Synnott
219,Kary,Hinchon
220,Carmelita,Heskin
221,Aland,Ferbrache
222,Cornelle,Wurz
223,Vally,Banbrigge
224,Teresita,Riggs
225,Nolan,Rippen
226,Faye,Holtum
227,Sara-ann,Taill
228,Madelyn,Midlar
229,Tremayne,Weigh
230,Stephanus,Tabbernor
231,Keenan,Cady
232,Willamina,Sangster
233,Shaylynn,McGruar
234,Pegeen,Knapp
235,Kennan,Furlonge
236,Gratiana,McMillan
237,Wilhelmina,Columbine
238,Ash,Ashton
239,Meagan,Eastlake
240,Nowell,Brant
241,Ianthe,De Lacey
242,Albrecht,Whitney
243,Xever,Jonke
244,Rafaello,Reford
245,Prudi,De Hoogh
246,Betsy,Tallman
247,Victoria,Daubeny
248,Sandie,Newlands
249,Vernon,Porker
250,Cornie,Mustill
251,Celinka,Fane
252,Daphene,Coppeard
253,Huntley,Wyness
254,Rice,Wanderschek
255,Hernando,Burnie
256,Thorsten,Tuison
257,Kelly,Burd
258,Adele,Devigne
259,Aloysius,Kristiansen
260,Fawn,Ferri
261,Bruis,Rizzardini
262,Bride,Trayling
263,Giraldo,Doers
264,Rennie,Crosser
265,Jaquith,Gozard
266,Colver,Fortun
267,Lucretia,Ayscough
268,Bethanne,Phillis
269,Stevana,Bisacre
270,Stefano,Bowfin
271,Babara,Bunney
272,Sibylle,Sizland
273,Abbie,McTavy
274,Reeva,Maxsted
275,Wayland,Draco
276,Dall,Choldcroft
277,Fifine,Bursnall
278,Hallsy,Dickon
279,Portie,Shervington
280,Boyce,Bisley
281,Micah,Kryszka
282,Vail,MacClinton
283,Cornie,Tonn
284,Buddy,Burnip
285,Findlay,MacGuffog
286,Mandi,Petford
287,Alessandra,Ateggart
288,Sasha,Colerick
289,Cchaddie,Preble
290,Verney,Zini
291,Alicia,Chesley
292,Jo-anne,Dumbrell
293,Beniamino,Stevens
294,Shea,Hitschke
295,Olva,Heasman
296,Ursula,Sandiland
297,Davina,Calvert
298,Jasen,Filipovic
299,Deidre,McKaile
300,Bianca,Mogenot
301,Rennie,Pickthorn
302,Karilynn,Scathard
303,Dennie,Elesander
304,Roseanna,Goozee
305,Xylina,Greenhalgh
306,Vlad,Hurling
307,Grete,Seaking
308,Channa,Dulake
309,Fredric,Bootyman
310,Ines,Fyers
311,Stepha,McIan
312,Carr,Rennebeck
313,Lanie,Byneth
314,Farrand,MacGuffie
315,Donny,Votier
316,Clayson,Mattacks
317,Piper,Antos
318,Payton,McGiven
319,Rena,Asals
320,Caitlin,Thornham
321,Thorn,Doogue
322,Marie-ann,Masdon
323,Domeniga,Commings
324,Kassi,Luker
325,Noak,Joannic
326,Marlon,Mudie
327,Delmer,Malec
328,Katerine,Burchill
329,Carmine,Myles
330,Ike,Tabourier
331,Harley,Cowpe
332,Thatch,Sam
333,Heda,Wakelam
334,Pepito,Really
335,Magdalene,Gormley
336,Nicola,Smitton
337,Bren,Northey
338,Reinaldo,Oattes
339,Gaylene,Dulson
340,Derby,Rivel
341,Claudell,Skelhorn
342,Godard,Beretta
343,Saloma,Rewan
344,Auroora,Mc Curlye
345,Olivette,Denge
346,Kari,Taysbil
347,Sherill,Mc Andrew
348,Frasier,Poytres
349,Geneva,Mattersey
350,Ellissa,Sprowles
351,Hillier,Arnott
352,Lenard,Eversfield
353,Stephenie,McMickan
354,Lynett,Dudley
355,Terrance,Turnell
356,Miranda,Cherry
357,Allin,Gillings
358,Rozina,Braisted
359,Falkner,Oppie
360,Yvonne,Pomroy
361,Leigh,Comar
362,Brett,Poller
363,Stanly,Lowry
364,Devinne,Brose
365,Jany,Massingberd
366,Eugen,Gribbon
367,Merridie,Henzley
368,Cecelia,Oller
369,Gerrilee,Synnot
370,Britte,Harteley
371,Stephen,Antonietti
372,Leanna,Greasty
373,Winfield,Bower
374,Derron,Calbert
375,Jori,Yexley
376,Nissy,Morena
377,Clare,Etienne
378,Cornall,Tiernan
379,Amalia,Javes
380,Denis,Surr
381,Corissa,Caplan
382,Dareen,Barnett
383,Chaddy,Bruinemann
384,Rabi,Brew
385,Gardie,Foyster
386,Florella,MacCard
387,Lyman,Blenkin
388,Arturo,Narramore
389,Noland,Lowey
390,Wakefield,Dymott
391,Benetta,Petters
392,Scarface,Partkya
393,Obadias,Woolveridge
394,Wash,Beagles
395,Deeanne,Bellelli
396,Kerk,Pigden
397,Gennifer,Yeatman
398,Ambrosi,Capoun
399,Martino,Whibley
400,Donnell,Dawney
401,Lisabeth,Brede
402,Kerianne,Owbrick
403,Gisele,Cantua
404,Worth,Gerardi
405,Edvard,Arrell
406,Brandie,Mandre
407,Klemens,Butland
408,Marlena,Rochford
409,Ancell,Mewburn
410,Henry,Heyfield
411,Daryn,Ropp
412,Tabbitha,Klimushev
413,Kelsy,Carlon
414,Roddie,MacGill
415,Rafaellle,Delle
416,Derrek,Dand
417,Rosemarie,Ruhben
418,Radcliffe,Sherrum
419,Rustie,L'Amie
420,Leicester,Hesse
421,Aggie,Main
422,Norry,Cars
423,Shermie,Darton
424,Robbie,de Courcey
425,Daphene,Prout
426,Darill,de Courcey
427,Burg,Owthwaite
428,Sig,Riccard
429,Astrix,Collough
430,Yard,Buxam
431,Aldridge,Lobb
432,Genvieve,Biggin
433,Eldridge,Luxford
434,Wilfred,Capnor
435,Clerc,Botterell
436,Patsy,Castellan
437,Shepherd,Tesh
438,Shannen,Coppock.
439,Hadria,Ubsdall
440,Chucho,Hanshawe
441,Rudolfo,Callaway
442,Diann,Begwell
443,Bobbi,Del Monte
444,Ford,Salazar
445,Barbe,Tennison
446,Lida,Pettwood
447,Avis,Djekovic
448,Phelia,Sell
449,Teddy,Elger
450,Lind,Gemlbett
451,Bernarr,O'Giany
452,Elsi,Beekman
453,Monty,Girdwood
454,Afton,Alejandre
455,Sascha,Hundell
456,Joletta,Smewin
457,Lorenzo,Kupper
458,Joelle,Puttergill
459,Kayla,Huortic
460,Elinor,Francom
461,Shayla,Garroway
462,Sayre,Gagen
463,Bethina,Cartmel
464,Adolf,de Amaya
465,Leslie,Berford
466,Paulita,Beinisch
467,Josy,Blastock
468,Lizbeth,Calverd
469,Rafe,Longhorn
470,Sarene,Ballefant
471,Wilbert,Clucas
472,Ken,Shenfisch
473,Jade,Roderigo
474,Konrad,Potbury
475,Ivan,Sydes
476,Arte,Paffot
477,Emlen,Bromont
478,Banky,Whapples
479,Gerome,Jelley
480,Dolorita,Klimp
481,Dotti,Windham
482,Danielle,Ellerman
483,Rocky,Lent
484,Julian,McMurraya
485,Torie,Rapin
486,Kettie,Budd
487,Hilary,Balderston
488,Sacha,McLuckie
489,Jo,M'Quhan
490,Yurik,Van der Veldt
491,Shepherd,McDermot
492,Ethe,Schroeder
493,Eberto,Harrower
494,Teressa,Gonnelly
495,Rowena,Espin
496,Sonni,Booth-Jarvis
497,Sianna,Davidek
498,Gasper,Standish-Brooks
499,Renee,Kees
500,Candie,Schimpke
501,Graehme,Kneel
502,Elyssa,Kleint
503,Jade,Cattenach
504,Alano,Gibberd
505,Ellie,Perceval
506,Cherise,Byfford
507,Fidel,Matts
508,Merilee,Jodlowski
509,Roderich,Odby
510,Verine,Allibone
511,Kris,MacFadzean
512,Angelina,Plaide
513,Shurwood,Isakowicz
514,Reeba,Loakes
515,Anet,Rathbone
516,Ban,Vaudre
517,Valene,Sperski
518,Luelle,Zylberdik
519,Portie,Arnott
520,Benjamin,Baterip
521,Karol,Wogdon
522,Coraline,Dudgeon
523,Mira,Ferrand
524,Rodge,Beynkn
525,Madalena,Zavattiero
526,Cal,Yaneev
527,Riane,Gilliland
528,Ruben,Roche
529,Etti,Allard
530,Fulvia,Newhouse
531,Burlie,Brahan
532,Clayton,Maberley
533,Binky,Piatkowski
534,Benni,Milsted
535,Hart,Allnatt
536,Kristy,Stout
537,Abbey,Duplain
538,Ricardo,Benardeau
539,Virgina,Swayte
540,Dari,Huske
541,Teodoor,Torre
542,Pennie,Garrattley
543,Gilbert,Polo
544,Willy,Dougan
545,Lynnet,Shugg
546,Binky,MacKaile
547,Alina,Kleinstub
548,Domenico,Tregenna
549,Gwenore,Bartholomew
550,Thorn,Heardman
551,Matilde,Stell
552,Haywood,Passman
553,Ursala,Capnerhurst
554,Gavan,Burgoyne
555,Daniele,Tarren
556,Nickolas,Talkington
557,Giovanni,Opdenorth
558,Pier,Isakowicz
559,Alexia,Reeken
560,Pattie,Sabathier
561,Lizabeth,Besant
562,Jerrie,Gelling
563,Gerek,Tevelov
564,Gran,Herculson
565,Georgianna,Edgeller
566,Glen,Cheeney
567,Barry,Sullivan
568,Collen,Barrie
569,Dominga,Rudwell
570,Aubine,Benadette
571,Gene,De Hooch
572,Jervis,Redemile
573,Muhammad,Brookton
574,Vaughn,Toll
575,Amelie,Bennetts
576,Dorthea,Casetti
577,Rani,Posner
578,Rebekah,Scintsbury
579,Clareta,Brazener
580,Tamarra,Chittock
581,Paten,Joron
582,Valeda,Brunicke
583,Reade,Errett
584,Alvan,Danielian
585,Jemmy,Heggie
586,Rog,Switland
587,Tammy,Maypother
588,Dani,Taylot
589,Niccolo,Bennison
590,Halsy,Kellitt
591,Bradley,Delgaty
592,Domeniga,Spinas
593,Dew,Rowling
594,Harris,Ivery
595,Nikolos,Hurler
596,Peggy,Piper
597,Daria,Haydon
598,Carce,Ditch
599,Conny,Fritche
600,Mollie,Stone Fewings
601,Patti,Dmiterko
602,Vinny,Lawley
603,Royce,Munnion
604,Shawna,Shiell
605,Gianina,Cowndley
606,Roxane,Gawkes
607,Harper,Trodden
608,Harriott,Micco
609,Billie,Glyne
610,Caesar,Rawdall
611,Meggi,Raoux
612,Mel,Jeannot
613,Eula,Castagnasso
614,Kacy,Merricks
615,Eleni,Regler
616,Meryl,Silcock
617,Philippine,Ammer
618,Alwyn,Klemz
619,Meta,Byrch
620,Riobard,Temperley
621,Ronni,Dulen
622,Farand,Pridmore
623,Joshua,Hollingsby
624,Vicki,Kimblen
625,Angus,Lanchbery
626,Blair,Lownsbrough
627,Nicolea,Gate
628,Petronilla,Rogliero
629,Lotte,Holah
630,Eddie,Jindracek
631,Selby,Le Grice
632,Alexis,Snar
633,Sayre,Antat
634,Cassius,Rycroft
635,Sander,Ruilton
636,Lyndel,Biernacki
637,Ado,Armour
638,Dee,Oldford
639,Josefa,Errol
640,Caterina,Virr
641,Audy,Furze
642,Goldy,Blacket
643,Dorette,Maycey
644,Alphard,Percy
645,Red,Hearson
646,Agathe,Scourfield
647,Renado,Gribbon
648,Pearle,Clerk
649,Darb,Thrasher
650,Daryl,Tarbath
651,Alysia,Candey
652,Jeni,Rubenfeld
653,Garey,Ehlerding
654,Britte,Beauly
655,Judas,O'Rafferty
656,Dominik,Aucourte
657,Roarke,Tyght
658,Cob,Nancarrow
659,Rozanne,Glashby
660,Tabby,Goodlet
661,Dav,McCree
662,Katerina,Golding
663,Candi,Beardow
664,Kurtis,Kollas
665,Lotta,Mathen
666,Justis,Deacon
667,Hatti,Costanza
668,Kimmi,Goforth
669,Burtie,Adriaens
670,Gwendolin,Henzley
671,Oralla,Dolman
672,Jenelle,Wingfield
673,Bruno,Cancutt
674,Paul,Deville
675,Wendye,Koles
676,Ruthanne,Pharrow
677,Amerigo,Ravilus
678,Allis,Platt
679,Dare,Bastick
680,Elna,Beville
681,Abel,Godin
682,Hamish,Ewert
683,Hayley,Claibourn
684,Hestia,Grimsley
685,Enriqueta,Sendall
686,Layla,Phillput
687,Haze,Boys
688,Opalina,Clementet
689,Aubert,Nicholls
690,Boycey,McIlwraith
691,Lissi,Kemer
692,Davie,Overil
693,Dulce,Tower
694,Jaine,MacGeffen
695,Angelita,Guiraud
696,Rosamond,Gores
697,Dorelia,Caskey
698,Sisile,Cooksley
699,Cristine,Prestige
700,Tracey,Badrock
701,Burnard,Gadeaux
702,Caroline,Bower
703,Randie,Camp
704,Alexis,Baudain
705,Bell,Fewtrell
706,Ondrea,Oxbury
707,Phillida,Joly
708,Zabrina,Rouch
709,Fowler,Cheake
710,Dolli,Birtles
711,Sigfried,Checkley
712,Brady,Lincey
713,Marleen,Blose
714,Jaymie,Sayward
715,Nowell,Boyer
716,Lissi,McIlmorie
717,Sibella,Pickthorne
718,Honor,Lewcock
719,Glendon,Wichard
720,Beitris,Clemensen
721,Bidget,Boldock
722,Mark,Aitken
723,Adore,Stockport
724,Eadie,Mayze
725,Carolee,Gaythorpe
726,Lindsey,Beaudry
727,Christoffer,Farnfield
728,Sanson,Ortsmann
729,Andi,Crecy
730,Grenville,Chilver
731,Nicko,Baltrushaitis
732,Almira,McGeown
733,Burt,Mines
734,Redd,Quiddington
735,Hayward,Bonavia
736,Catlaina,Lishmund
737,Annaliese,Porcher
738,Vinnie,Asch
739,Lin,Asker
740,Natty,Kees
741,Doreen,Hamby
742,Allyson,Ullrich
743,Ofelia,Witcombe
744,Velma,Freke
745,Mill,Braiden
746,Rutter,Anselm
747,Mattie,Esh
748,Emelina,Bassam
749,Hendrick,Kepp
750,Jaquelin,Sodory
751,Mendie,Giovanardi
752,Ingelbert,Mercy
753,Modesta,Giottini
754,Collen,Dodshun
755,Donnie,Trunks
756,Sloane,Vakhrushin
757,Irena,Lehmann
758,Jerrold,Rykert
759,Orelle,Cockcroft
760,Oneida,Ivanishchev
761,Nollie,Taylot
762,Gertrud,Rickeard
763,Vera,Glidder
764,Antonia,Harrill
765,Charlean,Kelinge
766,Nichol,Halbeard
767,Chas,Grey
768,Urbain,Eagleston
769,Nichole,Scampion
770,Bonnie,Andersch
771,Kele,MacNab
772,Arlen,Twell
773,Noland,Chalmers
774,Mirilla,Vasyunkin
775,Arlina,Paxman
776,Eilis,Petruszka
777,Cyrus,Sall
778,Kristal,Brend
779,Cathi,Bamlett
780,Rasia,Hardwidge
781,Wally,Conkay
782,Wenda,Ovenden
783,Row,Schlagh
784,Corine,Gooly
785,Katina,O'Donegan
786,Lea,McGiffie
787,Randolf,Bottell
788,Elisha,Tibbotts
789,Prent,Dorin
790,Kiele,Havvock
791,Shermie,Fremantle
792,Maxine,Grinham
793,Jenica,Yarnell
794,Frankie,Esterbrook
795,Sauncho,Enion
796,Bartolomeo,Ambroix
797,Tiphani,Mathias
798,Kipp,Silwood
799,Rosemary,Meadmore
800,Levey,Siccombe
801,Rozele,Donohoe
802,Taite,Schimek
803,Nelly,Heys
804,Binni,Summerson
805,Shirline,Casado
806,Ashbey,Parkin
807,Grantham,McGuinness
808,Collen,Macia
809,Collette,Leckey
810,Corrie,Ohanessian
811,Margery,Kliement
812,Celestia,Fludder
813,Lola,McCoveney
814,Kristal,Christie
815,Pamelina,Spraggon
816,Forrester,Moncreiffe
817,Melisandra,Baal
818,Hertha,Whale
819,Rachelle,Skottle
820,Korry,Weeden
821,Tod,Alabastar
822,Dall,Carnihan
823,Sonya,Kennelly
824,Micky,Holah
825,Berton,Obington
826,Thayne,Ashwood
827,Darcee,Tidmarsh
828,Cate,Bannell
829,Caty,Dimanche
830,Jo,Rosenbaum
831,Dag,Richmont
832,Terrance,McKew
833,Justen,Medcraft
834,Maren,Spain-Gower
835,Rosene,Marcombe
836,Adara,Espinel
837,Hattie,Gratten
838,Julie,Mattsson
839,Danika,Broodes
840,Jonah,Outerbridge
841,Constancia,Van der Kruis
842,Tynan,Hagland
843,Edvard,Bocken
844,Crysta,Jertz
845,Carilyn,Aspel
846,Sylvester,Ruselin
847,Hailey,Cowling
848,Fayre,Crosier
849,Nathanil,Smorthwaite
850,Trumann,Reay
851,Giovanna,Duck
852,Winona,Kidstone
853,Karola,Whittlesea
854,Ilise,Philliphs
855,Meggie,Noyce
856,Lavinie,Arro
857,Yuma,Swinerd
858,Dorolisa,Milam
859,Kristen,Girardot
860,Devon,O'Crigane
861,Lita,Benn
862,Carolyn,Reitenbach
863,Wes,Lugsdin
864,Nowell,Tokell
865,Michal,Meaker
866,Martino,Litterick
867,Maressa,Penelli
868,Ericka,Killingbeck
869,Wilmette,Cowern
870,Nikolas,Mawne
871,Brianna,Spiteri
872,Conny,Daley
873,Kermy,Luxford
874,Johann,Neiland
875,Chevy,Spurdon
876,Town,Patel
877,Garwood,McQuillen
878,Suzie,Dowbakin
879,Ad,Yantsev
880,Sunny,Warke
881,Sheena,Dugan
882,Harlan,Craven
883,Ruggiero,Buckleigh
884,Carmen,Ellul
885,Nat,Eyckelbeck
886,Wade,Bendall
887,Charmane,Passie
888,Gayelord,Wildash
889,Viva,Wallach
890,Seward,Rothon
891,Skelly,Retchless
892,Kellby,Gilliard
893,Jo-ann,Aaron
894,Casandra,Louw
895,Zarla,Carff
896,Urbanus,Borres
897,Laurianne,Jenking
898,Luisa,Herity
899,Mommy,Kowal
900,Valentino,Bordman
901,Jeanette,McIntosh
902,Donella,Pressdee
903,Tove,Boise
904,Abbie,Buckleigh
905,Quill,Skoggings
906,Arlin,Tilmouth
907,Berny,Begent
908,Sheelah,Grahlman
909,Reggie,Dodshun
910,Stace,Stuther
911,Valentina,Fairs
912,Buddy,Faichney
913,Derwin,Dye
914,Marget,Etienne
915,Herculie,Fortoun
916,Barby,Gillease
917,Petunia,McAmish
918,Mariana,Mohammad
919,Sashenka,Tootell
920,Vassily,Boyd
921,Gilburt,Haistwell
922,Sherri,Dearnley
923,Bil,Canceller
924,Maressa,Billingham
925,Elysia,Wetherhead
926,Samara,Dmtrovic
927,Oriana,McConnulty
928,Lanie,Lusk
929,Gasparo,Garwell
930,Polly,Clarycott
931,Gabbie,Ellar
932,Wallace,Capoun
933,Marisa,Dobbs
934,Mylo,Lawn
935,Kerry,Dovinson
936,Stanislaw,Skrine
937,Silvester,Gres
938,Tansy,Savil
939,Danit,Tack
940,Moselle,Aspy
941,Cherlyn,Sandifer
942,Querida,Lownds
943,Wendell,Whitmore
944,Harlen,Spon
945,Beatriz,Ternent
946,Gay,Beig
947,April,McGaffey
948,Gunther,Lewsie
949,Clem,Culbard
950,Rosy,Sexcey
951,Dayle,Keerl
952,Malynda,Diddams
953,Siffre,Olenikov
954,Celine,O'Connor
955,Maxi,Catlin
956,Colas,Bunyard
957,Lammond,Cotman
958,Hillyer,Gillaspy
959,Abey,Guillem
960,Jannelle,Blader
961,Koressa,Stevenson
962,Kingston,Purcell
963,Lockwood,Polkinhorn
964,Frank,Stoneham
965,Valene,McGonnell
966,Estele,Jiruca
967,Claire,Tole
968,Mortie,Lorenzo
969,Craggy,Kissack
970,Ben,Croote
971,Anestassia,Lidster
972,Spence,Stenson
973,Cheslie,Leeder
974,Leupold,Yanez
975,Annalee,Stennard
976,Nickolai,Leneham
977,Laurie,Hurrell
978,Devonna,Kubatsch
979,Paule,Dandy
980,Andreas,Vasyatkin
981,Sidney,Bockler
982,Vale,Readshall
983,Artus,Lindell
984,Philippe,Cosgrove
985,Obadiah,Bodesson
986,Felipa,Shoebotham
987,Hendrika,Edensor
988,Town,Kelbie
989,Gualterio,Peacey
990,Tabb,Jagg
991,Bret,Lucian
992,Kristen,Myderscough
993,Curcio,Mitkcov
994,Enos,Busk
995,Clarinda,Duchesne
996,Hadley,Fosdike
997,Nananne,Antonat
998,Zed,Bodham
999,Terrell,Dunkersley
1000,Wernher,Patel
